Mağazalar,ID,Demand,Enlem,Boylam,Açılış,Kapanış
MERKEZ DEPO,0,0,40.84,29.44,0,24
Forum Üstanbul,1,15,41.047276,28.897083,8,17
Vialand,2,10,41.0759,28.923,8,17
Meydan Üstanbul,3,11,41.024651,29.126737,8,13
Atlaspark,4,7,40.969773,29.255614,7,17
Lamsan Park,5,14,41.007764,29.197967,7,10
Cevahir,6,6,41.062885,28.993096,7,11
Vadi Üstanbul,7,12,41.10745,28.986342,8,10
